Region/country/area,Technology,2000,2001,2002,2003,2004,2005,2006,2007,2008,2009,2010,2011,2012,2013,2014,2015,2016,2017,2018,2019,2020,2021
Africa,Total renewable energy,22030.029,22169.334,22389.918,22786.277,22783.831,22930.271,22950.874,23288.235,23776.891,25865.036,27027.105,27473.238,28444.796,30648.425,32660.941,34981.617,37642.861,43090.222,48443.137,50575.31,53607.945,55704.846
Algeria,Total renewable energy,276.6,276.6,276.6,276.6,276.6,276.6,249.6,249.6,230.6,227.6,252.6,252.6,252.6,252.6,263.9,311.9,481.9,663.2,686,686,686,686
Angola,Total renewable energy,235.579,235.613,235.765,235.824,495.998,496.195,496.372,758.238,792.375,792.879,794.677,795.297,882.783,963.978,1032.141,1033.046,1764.816,2457.656,3125.656,3459.656,3793.656,3793.656
Benin,Total renewable energy,0.5,0.5,0.5,0.5,0.5,0.5,0.5,0.5,0.5,0.5,0.5,0.5,0.5,0.5,0.7,1.7,3.4,3.4,3.4,3.4,3.44,3.44
Botswana,Total renewable energy,0,0,0,0,0,0,0,0,0,0.02,0.139,0.169,1.615,1.715,1.86,2.153,3.279,3.401,3.706,5.906,5.943,5.943
Burkina Faso,Total renewable energy,32.5,32.5,32.5,32.7,33.1,33.2,33.2,33.6,34.3,35,35.6,37.8,37.8,38.45,39.15,40.9,42.9,79.7,94.7,97.787,97.787,97.787
Burundi,Total renewable energy,54.253,54.253,54.253,54.253,54.253,54.353,54.453,54.553,54.653,54.653,54.853,55.553,56.356,57.356,57.556,57.856,58.856,57.386,57.386,57.386,57.386,57.386
Cabe Verde,Total renewable energy,0,0,2.1,2.68,2.4,2.4,2.1,2.1,2.1,2.1,7.3,22.5,32.774,32.851,33.005,33.318,33.374,33.435,35.336,35.381,35.381,35.381
Cameroon,Total renewable energy,719.3,719.3,719.3,719.4,719.4,719.4,719.4,719.5,719.5,719.8,724.3,730.9,731.3,736.1,738.1,739.9,741.5,743.896,746.492,826.492,826.617,826.742
Central African Republic,Total renewable energy,18.85,18.85,18.85,18.85,18.85,18.95,18.95,18.95,18.95,18.95,18.95,19.05,19.15,19.15,19.15,19.15,19.15,19.15,19.15,19.166,19.166,19.166
Chad,Total renewable energy,2,2,2,2,2,2,2,2,2,2,2.002,2.002,2.003,2.05,2.05,2.172,3.273,3.273,3.29,3.29,3.827,3.827
Comoros,Total renewable energy,0,0,0.61,0.61,1.448,1.448,1.448,1.448,1.448,1.448,1.448,1.448,1.448,1.448,1.448,1.448,1.448,1.448,1.448,1.448,1.448,1.448
"Congo, Dem. Rep.",Total renewable energy,2489.91,2510.16,2510.16,2515.16,2515.16,2515.16,2515.16,2515.16,2514.16,2514.16,2514.16,2514.183,2514.247,2515.349,2515.568,2528.732,2545.397,2560.195,2735.687,2745.587,2745.587,2745.587
"Congo, Rep.",Total renewable energy,86.2,86.2,86.2,86.2,86.2,86.2,86.2,86.2,86.2,86.2,86.2,86.27,206.32,206.43,206.66,206.66,213.16,226.67,226.82,226.82,226.82,226.82
Cote d'Ivoire,Total renewable energy,604.033,604.054,604.068,604.088,604.147,604.158,604.18,604.369,605.094,605.404,605.553,605.667,605.973,606.908,607.834,609.059,609.059,887.278,892.144,892.144,892.144,892.144
Djibouti,Total renewable energy,0,0,0,0,0,0,0,0,0,0,0,0,0.3,0.3,0.3,0.3,0.362,0.362,0.362,0.362,0.362,20.362
Egypt,Total renewable energy,2927.1,2927.5,2927.6,2928.4,3004.4,3004.4,3089.4,3169.5,3262.9,3308.3,3437,3457,3457,3457,3457,3658,3681,3802,4793.2,5689.7,5966.39,6226.39
Equatorial Guinea,Total renewable energy,5.6,5.6,5.6,5.6,5.6,5.6,5.6,5.6,5.6,5.6,5.6,5.6,125.6,125.6,125.6,125.6,125.6,125.6,127.14,127.14,127.14,127.14
Eritrea,Total renewable energy,0,0,0,0,0,0,0,0.826,0.826,0.826,0.829,0.83,0.848,0.86,8.684,8.684,9.034,11.034,18.534,20.784,23.034,25.284
Eswatini,Total renewable energy,103.8,103.803,103.803,103.809,103.848,103.915,103.952,104.016,123.846,123.875,124.217,185.835,185.861,185.878,168.904,168.93,169.03,169.03,169.03,169.03,169.03,179.03
Ethiopia,Total renewable energy,405.65,477.65,477.65,511.65,721.65,721.65,721.65,721.651,721.651,1441.678,1901.685,2080.114,2080.927,2224.323,2230.11,2618.869,2649.025,4366.079,4450.931,4450.931,4712.769,4758.769
Gabon,Total renewable energy,170.2,170.2,170.3,170.3,170.3,170.3,170.4,170.4,170.6,171.6,171.6,171.6,171.6,331.6,331.6,332.8,332.887,332.887,332.887,332.887,332.887,332.887
Gambia,Total renewable energy,0,0.012,0.068,0.209,0.393,0.646,0.728,1.169,1.409,1.776,1.927,2.009,3.041,3.076,3.32,3.38,3.39,3.392,3.392,3.392,3.392,3.392
Ghana,Total renewable energy,1185.774,1185.774,1185.774,1185.774,1185.774,1185.774,1184.104,1184.104,1186.774,1186.774,1186.774,1186.774,1186.774,1590.264,1594,1623.779,1630.269,1639.537,1670.448,1677.274,1700.291,1700.291
Guinea,Total renewable energy,128.22,128.22,128.22,128.22,128.22,128.22,128.22,128.22,128.22,128.82,128.82,128.82,128.84,131.631,131.631,381.533,381.539,381.539,381.583,381.583,381.583,831.583
Guinea-Bissau,Total renewable energy,0,0,0,0,0,0,0,0,0,0,0,0,0,0,0,0.312,0.312,0.312,1.169,1.169,1.169,1.169
Kenya,Total renewable energy,769.237,769.24,769.24,769.24,839.255,839.307,841.307,841.322,901.483,948.584,1039.669,1040.893,1095.362,1107.22,1277.767,1591.65,1630.299,1667.876,2057.43,2064.13,2243.414,2384.336
Lesotho,Total renewable energy,75.42,75.42,75.42,74.75,74.75,74.75,72.75,72.75,72.75,72.75,72.75,72.75,74.75,75.113,75.113,75.113,75.113,75.113,75.113,75.113,75.113,75.113
Liberia,Total renewable energy,4,4,4,4,4,4,4,4,4,4,4.005,4.005,4.04,4.04,4.04,4.057,26.059,94.406,94.583,94.583,94.583,94.583
Libya,Total renewable energy,0,0,0,0.2,0.7,1.2,1.7,2.2,2.7,3.2,3.7,4.2,4.9,4.9,4.9,4.9,4.9,5.11,5.11,5.11,5.111,6.333
Madagascar,Total renewable energy,105.79,105.797,105.797,105.85,105.943,105.943,106.143,106.288,121.738,122.372,130.725,131.23,164.9,167.435,170.08,173.11,175.11,177.21,197.21,197.21,197.21,197.21
Malawi,Total renewable energy,299.94,299.94,299.84,299.24,299.24,299.24,299.305,299.479,299.502,299.732,299.966,301.055,301.981,304.695,370.964,375.387,375.687,382.767,404.759,466.088,467.4,527.4
Mali,Total renewable energy,84.787,84.958,285.438,285.828,286.394,286.711,287.504,288.405,288.922,288.922,291.449,294.857,300.741,363.041,371.45,372.478,372.871,374.552,374.552,374.597,424.842,454.842
Mauritania,Total renewable energy,0,0,0,0,0,0,0,0,0,0,0,0,0,22.4,22.551,52.566,69.166,69.166,121.246,121.909,121.909,121.909
Mauritius,Total renewable energy,111.115,121.065,120.065,118.565,118.765,202.515,126.725,137.415,130.465,163.74,164.115,154.1,141.6,144.78,160.53,171.35,189.33,190.86,229.51,245.51,245.51,245.51
Mayotte,Total renewable energy,0,0,0,0,0,0,0,0,0.512,1.809,8.344,12.443,13.067,13.137,13.234,13.234,13.326,15.146,15.146,15.146,18,18
Morocco,Total renewable energy,1227.316,1227.616,1228.316,1327.516,1328.42,1329.32,1330.12,1391.265,1392.165,1519.765,1561.078,1595.707,1596.707,1836.707,2143.133,2307.033,2411.803,2539.828,3271.828,3271.836,3451.933,3522.233
Mozambique,Total renewable energy,2197.83,2197.83,2151.13,2151.13,2151.13,2178.63,2197.83,2164.83,2197.83,2197.83,2197.83,2198.33,2201.105,2204.705,2207.43,2210.59,2213.59,2232.59,2272.59,2272.59,2272.59,2272.59
Namibia,Total renewable energy,240.97,241.15,241.5,241.56,241.58,241.81,242.1,242.66,243.2,243.86,244.68,247.82,341.544,345.061,346.937,351.437,383.437,427.246,444.999,497.439,501.439,501.439
Niger,Total renewable energy,0.5,0.6,0.6,0.7,0.8,1,1.1,1.1,1.2,1.2,2.1,3,4,5,6,7,8,9.041,27.041,27.041,27.041,27.041
Nigeria,Total renewable energy,2085.2,2085.2,2085.2,2085.2,2085.2,2085.2,2085.2,2085.2,2085.2,2085.2,2086.4,2116.4,2131.6,2133.3,2135,2136.8,2139.43,2139.95,2140.115,2149.094,2149.563,2153.8
Reunion,Total renewable energy,143.6,143.6,143.6,143.6,159.463,163.576,179.075,183.23,189.43,221.93,281.53,323.33,345.23,348.43,359.43,380.33,382.5,383.9,386.1,428.44,442.44,454.44
Rwanda,Total renewable energy,41.1,41.1,41.1,41.1,41.1,41.1,40.835,41.185,41.191,41.391,50.691,56.367,57.824,61.903,77.396,109.372,118.596,127.091,137.421,148.786,158.736,158.736
Saint Helena,Total renewable energy,..,..,..,..,..,..,..,..,..,..,..,..,..,..,..,..,..,..,..,..,..,..
Sao Tome and Principe,Total renewable energy,2.32,2.32,2.32,2.32,2.32,2.32,2.32,2.32,2.32,2.32,2.32,2.32,2.32,2.383,2.418,2.439,2.477,2.636,2.654,2.654,2.654,2.654
Senegal,Total renewable energy,10.3,10.44,10.58,10.72,10.86,11,11.14,11.3,11.56,11.87,28.29,29.79,30.9,32,34,34,67,132,173,251.2,354.7,421.2
Seychelles,Total renewable energy,0,0,0,0,0,0,0,0,0,0,0,0,0,6.278,6.959,7.414,7.946,8.644,9.698,9.698,9.788,14.688
Sierra Leone,Total renewable energy,4,4,4,4,4.003,4.004,4.004,4.032,29.044,29.067,54.094,54.161,54.487,54.634,90.445,90.47,90.534,98.52,99.052,99.062,99.062,99.102
Somalia,Total renewable energy,0,0,0,0,0,0,0,0,0,0,0,0,2.2,2.2,2.3,2.97,7.47,10.444,10.618,10.618,19.088,27.088
South Africa,Total renewable energy,1248.396,1283.396,1286.556,1586.556,947.556,947.557,947.557,951.757,957.02,975.034,992.793,996.887,1002.537,1499.794,2710.366,3428.991,4650.361,6548.065,7907.264,8011.326,9517.913,10192.93
South Sudan,Total renewable energy,0,0,0,0,0,0,0,0,0,0,0,0,0.16,0.16,0.16,0.16,0.428,0.449,0.737,0.835,0.835,1.278
Sudan,Total renewable energy,389,389,389.009,389.009,389.105,417.203,417.212,417.403,417.522,1417.882,1419.27,1420.506,1529.066,1535.666,1537.584,1540.911,1547.219,1556.8,1740.488,1761.489,1798.13,1816.86
Tanzania,Total renewable energy,610,610,610,619.5,619.5,603.6,603.7,603.7,604.2,605,616.231,631.503,638.164,640.674,651.948,659.375,670.429,675.377,679.176,682.949,685.349,685.349
Togo,Total renewable energy,67.4,67.4,67.4,66.6,66.6,66.6,66.6,66.6,66.641,66.645,66.724,66.858,66.953,67.033,67.422,68.304,68.745,69.141,70.104,72.074,72.802,122.841
Tunisia,Total renewable energy,73.487,73.621,73.734,82.514,82.554,82.564,82.576,82.586,82.686,117.086,117.503,118.586,240.571,271.537,312.074,329.547,340.06,349.076,374.749,391.049,405.89,405.89
Uganda,Total renewable energy,260.2,260.8,301.1,301.7,302.3,318,320.4,322.7,422.7,438.18,463.31,464.64,615.72,746,765.5,781.5,783.5,826.8,906.91,1177.26,1194.092,1198.527
Zambia,Total renewable energy,1802.257,1802.257,1802.257,1742.257,1742.257,1742.257,1742.257,1683.007,1713.407,1721.407,1935.407,1935.407,1942.407,2302.467,2302.467,2311.217,2431.251,2441.251,2442.381,2538.221,2538.221,2688.221
Zimbabwe,Total renewable energy,729.795,729.795,749.795,749.795,749.795,749.795,749.797,749.797,833.797,834.297,835.397,853.572,854.3,860.315,861.072,877.731,882.264,887.307,1191.662,1197.538,1199.338,1211.079
Asia,Total renewable energy,171375.769,182478.663,187870.351,202255.061,217897.881,235163.245,255654.623,278289.674,311829.088,349171.462,387292.286,433479.631,478747.298,553515.659,632767.929,722323.766,813517.342,921480.062,1026529.977,1125935.795,1301015.587,1455712.403
Afghanistan,Total renewable energy,191.503,191.503,191.506,191.619,191.718,192.601,195.647,196.457,207.701,212.903,241.452,244.919,289.47,293.64,298.609,302.627,349.314,355.416,354.948,364.482,364.138,371.638
Bangladesh,Total renewable energy,230.007,230.01,230.048,230.621,231.397,232.483,234.858,237.496,242.997,250.874,265.576,266.584,290.726,329.284,355.506,382.301,398.533,422.886,438.729,477.098,522.286,567.31
Bhutan,Total renewable energy,344.35,359.46,413.63,428.63,428.63,468.761,468.345,1488.445,1488.445,1488.353,1488.353,1488.353,1488.353,1488.353,1488.353,1614.953,1614.953,1614.953,1615.19,2335.19,2335.19,2335.37
Brunei,Total renewable energy,0,0,0,0,0,0,0,0,0,0,1.2,1.2,1.2,1.2,1.2,1.2,1.2,1.2,1.2,1.2,1.399,4.795
Cambodia,Total renewable energy,10.094,10.185,12.283,12.328,13.36,13.605,18.165,19.118,20.38,21.516,21.552,217.709,263.867,715.127,972.507,974.584,978.683,1059.398,1409.503,1504.735,1686.756,1799.656
China,Total renewable energy,75851.515,79266.02,83252.53,92384.6,103006.6,115016.2,128845.2,146709,174342.747,205232.496,233256.96,267897.809,302101.034,359515.815,414650.503,479103.407,541015.682,620855.705,695463.175,758844.032,899624.673,1020234.183
China HK SAR,Total renewable energy,..,..,..,..,..,..,..,..,..,..,..,..,..,..,..,..,..,..,..,..,..,..
China Mac SAR,Total renewable energy,..,..,..,..,..,..,..,..,..,..,..,..,..,..,..,..,..,..,..,..,..,..
Chinese Taipei,Total renewable energy,2085.15,2179.6,2293.484,2272.896,2287.335,2316.093,2406.002,2507.691,2591.935,2718.765,2885.91,3086.908,3279.637,3501.494,3750.507,4014.985,4411.189,4944.136,5939.554,7480.219,9247.815,11239.866
India,Total renewable energy,24999.985,26666.707,26830.889,30260.799,33189.266,36361.644,40617.334,43412.294,47170.494,48251.699,52258.918,58055.328,60455.725,63588.534,71888.675,78578.769,90411.057,105252.537,118194.945,128428.067,134454.725,147121.717
Indonesia,Total renewable energy,5475.447,4654.399,4697.633,4731.089,4778.264,5342.926,5682.346,5792.802,5872.008,6701.61,6856.036,7147.159,7489.378,8260.692,8417.082,8574.063,9064.202,9459.035,9804.905,10299.855,10506.615,11156.665
Japan,Total renewable energy,23930,29500,29921.5,30394,31090.5,32047,33221.5,32916,33428.5,34146,36047,37419.5,38996,46083.5,56103,67485.5,76219,84186.5,91308.5,99268.5,106862,111859.5
Kazakhstan,Total renewable energy,2260,2260,2260,2260,2263,2249.063,2251.079,2251.597,2263.385,2265.198,2274.267,2274.995,2577.936,2608.062,2804.855,2893.228,2951.079,3015.136,3368.74,4213.8,4997.44,7086.056
South Korea,Total renewable energy,4592,4792.027,4812.038,4812.257,4812.335,4812.364,4812.417,4942.459,4487.694,3918.837,3959.151,3961.89,4262.494,4289.339,4304.158,4489.994,4732.734,4796.38,4828.38,4832.38,4907.38,4917.38
North Korea,Total renewable energy,1613.5,1691.5,1663.5,1662,1678,1761,1915.5,1980,2380.5,2607.5,2818.5,3321.7,3687.2,4329.7,5715.7,7216.7,9353.7,11442.2,13950.5,18053.5,20411.361,24365.259
Kyrgyz Republic,Total renewable energy,2943.4,2943.4,2943.4,2943.4,2943.4,2943.4,2943.4,2944.2,2944.2,2944.2,3064.2,3071.5,3071.5,3571.5,3670.9,3676.5,3676.78,3688.6,3673.1,3673.1,3677.1,3683.5
Lao,Total renewable energy,539.642,540.842,541.028,541.183,541.409,582.779,582.797,582.797,582.798,1733.803,2448.81,2453.511,2922.511,2968.171,3253.033,4354.835,4931.13,5169.502,5521.02,6348.02,7722.22,8488.82
Malaysia,Total renewable energy,2761.015,2750.015,2787.015,2801.015,2801.023,2756.023,2803.033,2828.483,2835.115,2840.635,2796.809,3895.219,4247.799,5718.119,6396.843,7562.9,7990.888,7338.903,7520.12,7961.49,8570.322,8897.582
Maldives,Total renewable energy,0,0,0,0,0,0.012,0.052,0.072,1.481,1.551,1.573,1.591,2.731,3.16,5.289,6.206,8.895,12.198,17.885,22.262,28.362,32.462
Mongolia,Total renewable energy,15.025,16.108,16.108,16.466,16.466,17.041,17.974,18.424,22.069,22.33,34.27,34.27,34.603,84.636,84.636,84.636,96.816,179.916,251.416,276.216,276.577,276.571
Myanmar,Total renewable energy,344.096,349.591,376.502,378.68,455.463,736.332,751.242,783.93,814.309,1467.59,2256.369,2585.959,2720.791,2865.309,3043.311,3267.084,3345.619,3400.169,3408.62,3451.61,3447.624,3443.575
Nepal,Total renewable energy,288.2,409.235,415.269,568.106,578.272,582.039,585.935,591.833,601.245,697.98,708.383,719.473,724.998,761.305,777.632,833.628,854.207,1000.063,1118.301,1237.749,1374.969,2091.389
Pakistan,Total renewable energy,5175.89,5313.89,5319.89,5900.89,6775.89,6777.29,6763.29,6798.03,6922.465,6932.12,7011.891,7024.224,7141.348,7563.073,7913.343,8124.692,8802.035,9217.547,12197.331,12348.55,12565.55,12887.85
Philippines,Total renewable energy,3784.77,3866.845,4074.545,4509.545,4511.545,4545.265,4545.365,4547.115,4550.865,4590.64,4810.09,4817.865,4849.04,4856.567,5281.257,5624.87,6272.47,6423.501,6596.236,6771.621,6985.656,7616.962
Singapore,Total renewable energy,152.9,152.9,152.9,152.9,152.9,152.9,152.9,152.9,153.179,129.9,131.4,133,136.2,172.201,208.716,251.121,307.06,327.466,379.849,494.241,554.066,651.139
Sri Lanka,Total renewable energy,1156.478,1168.418,1179.817,1255.831,1290.457,1302.531,1326.026,1333.471,1367.296,1404.44,1441.397,1470.827,1687.686,1729.451,1837.063,1878.062,1951.927,2049.27,2162.96,2283.346,2403.368,2545.173
Tajikistan,Total renewable energy,4061,4061,4061,4061,4061,4116.2,4116.2,4116.2,4116.2,4802.58,4802.083,4809.488,4811.406,4814.445,5034.648,5033.06,5038.76,5038.76,5153.45,5273.45,5273.16,5274.26
Thailand,Total renewable energy,3573.7,3573.7,3583,3589.3,3709.6,3733.5,4050.88,4388.62,4635.07,4721.4,4802.55,5048.25,5676.65,6677.15,7372.85,7902.3,9369.16,10147.495,11215.03,11699.644,11824.459,11885.459
Timor-Leste,Total renewable energy,0,0,0,0,0.004,0.008,0.012,0.016,0.386,0.427,0.468,0.782,1.097,1.114,1.133,1.141,1.449,1.448,1.448,1.448,1.436,1.426
Turkmenistan,Total renewable energy,1.2,1.2,1.2,1.2,1.2,1.2,1.2,1.2,1.2,1.2,1.2,1.2,1.2,1.2,1.2,1.2,1.2,1.2,1.2,1.2,1.2,2.2
Uzbekistan,Total renewable energy,1596,1596,1596,1599,1751,1709,1710,1710,1743,1742.8,1792.9,1787.9,1822.2,1823,1872.13,1881.53,1882.73,1861.45,1919.15,1911.75,2008.75,2147.15
Vietnam,Total renewable energy,3398.902,3934.108,4243.636,4295.706,4337.847,4393.985,4635.924,5039.024,6041.424,7322.115,8813.018,10240.518,13712.518,14900.518,15263.29,16207.69,17484.89,18217.092,18714.592,26077.04,38378.99,42727.49
C America + Carib,Total renewable energy,4767.6,4894.161,5179.668,5480.999,5663.625,6574.454,6640.519,7095.008,7217.143,7540.278,7785.637,8633.524,9510.425,9871.232,10457.081,11907.576,13519.752,14307.291,15072.511,16234.933,16794.774,17352.368
Anguilla,Total renewable energy,0,0,0,0,0,0,0,0,0,0,0,0,0.062,0.062,1.141,1.141,2.141,2.141,1.141,1.511,1.511,1.511
Antigua and Barbuda,Total renewable energy,0,0,0,0,0,0,0,0,0,0.1,0.1,0.3,0.3,0.4,0.4,3.4,3.51,4.314,8.714,8.714,16.864,16.864
Aruba,Total renewable energy,0,0,0,0,0,0,0,0,0,30,30.1,30.3,31,31.6,36.9,38.1,38.1,38.1,38.1,38.1,38.1,38.1
Bahamas,Total renewable energy,0,0,0,0,0,0,0,0.1,0.1,0.2,0.3,0.411,0.62,0.625,1.276,1.297,1.45,1.396,1.365,2.233,2.233,2.233
Barbados,Total renewable energy,0,0.1,0.1,0.1,0.1,0.2,0.2,0.6,0.6,0.8,1,1.25,1.5,1.7,6.5,9,20.02,21.02,22.02,35.02,50.02,50.02
Belize,Total renewable energy,31.03,31.07,31.105,31.16,31.195,38.31,41.615,41.685,41.82,63.405,63.485,83.33,84.395,84.43,85.09,86.39,102.39,110.39,110.673,102.82,102.87,102.87
BES Islands,Total renewable energy,0,0,0,0,0,0,0,11.1,11.1,11.1,11.1,11.1,11.1,11.1,11.1,11.4,13.29,15.55,16.69,17.69,17.69,17.69
British Virgin Islands,Total renewable energy,0,0,0,0,0,0,0,0,0,0,0.57,0.57,0.57,0.57,0.57,0.695,0.695,0.695,0.695,0.695,0.695,0.695
Cayman Islands,Total renewable energy,0,0,0,0,0,0,0,0,0,0,0,0,0,0,0,0,2.754,8.766,9.917,11.094,12.737,13.701
Costa Rica,Total renewable energy,1425.246,1445.391,1491.09,1545.065,1567.648,1568.17,1676.692,1869.256,1887.55,1979.749,1967.998,2041.642,2153.362,2173.714,2245.087,2359.327,2894.211,3010.031,3075.023,3143.796,3124.396,3188.94
Cuba,Total renewable energy,57.85,57.85,57.85,57.85,58.95,727.45,495.35,589.05,613.35,611.65,618.25,620.65,593.85,555.15,595.51,628.71,610.01,675.477,758.195,1085.01,1251.984,1280.957
Curaçao,Total renewable energy,3,12,12,12,12,12,12,12,8,8,8,8,30.1,33.1,37.7,40.1,41.1,57.6,58.4,58.4,59.7,59.7
Dominica,Total renewable energy,7.68,7.68,7.69,7.69,7.7,7.7,7.72,7.78,4.97,4.98,7.02,7.02,7.03,7.03,7.03,7.03,7.43,7.43,7.115,7.115,7.115,7.115
Dominican Republic,Total renewable energy,455.181,465.27,465.27,465.739,465.674,465.824,466.864,466.936,470.214,525.337,538.995,572.539,716.924,723.089,733.739,744.896,872.168,905.668,1052.918,1350.193,1428.322,1532.299
El Salvador,Total renewable energy,575.949,638.074,657.574,703.974,689.974,719.999,731.733,802.633,799.651,819.151,819.919,892.219,949.677,974.111,1009.691,924.244,982.205,1168.791,1280.864,1486.26,1592.754,1592.754
Grenada,Total renewable energy,0,0,0,0,0,0,0,0,0.149,0.192,0.259,0.35,0.392,0.595,0.778,1.103,2.266,2.363,2.735,3.354,3.681,3.681
Guadeloupe,Total renewable energy,48.3,48.3,52.3,60.47,60.94,72.303,75.265,77.922,79.378,86.59,100.08,106.18,137.88,144.48,140.98,148.08,148.38,153.2,157.6,184.7,188.394,199.33
Guatemala,Total renewable energy,725.458,755.413,771.757,797.674,853.002,968.436,1103.68,1136.708,1181.801,1206.085,1311.002,1340.778,1514.725,1646.46,1774.757,2178.286,2667.107,2752.894,2862.5,2870.381,2870.331,2872.341
Haiti,Total renewable energy,56.286,56.286,56.286,56.286,56.286,56.286,56.286,56.286,56.286,56.296,56.844,56.872,57.444,57.697,57.883,58.25,58.291,58.821,80.464,80.517,80.517,80.517
Honduras,Total renewable energy,438.299,438.504,473.975,483.338,508.689,537.967,565.552,590.708,607.008,621.492,621.708,773.159,751.446,839.396,905.41,1361.88,1469.32,1599.36,1696.92,1740.724,1852.624,1864.724
Jamaica,Total renewable energy,55.23,54.83,53.73,53.73,74.63,74.63,75.03,75.23,75.43,76.33,94.83,95.33,95.63,103.136,105.138,107.543,188.643,216.643,216.643,253.643,253.643,253.643
Martinique,Total renewable energy,0,0,2,2,3.1,3.1,5.6,7.1,10.4,17.3,29.5,51.1,63.1,65.1,65.6,69.3,70.8,72.6,111.5,128.246,130.528,131.699
Montserrat,Total renewable energy,0,0,0,0,0,0,0,0,0,0,0,0,0,0,0,0,0,0,0,0.25,0.25,1
Nicaragua,Total renewable energy,153.01,147.81,222.93,247.43,304.01,313.93,313.93,314.6,314.6,354.5,377.6,377.6,550.5,556.28,595.88,613.38,661.14,673.72,675.622,733.332,733.332,734.152
Panama,Total renewable energy,624.3,624.476,712.492,844.631,857.631,857.747,858.377,858.564,890.826,899.041,957.446,1382.257,1499.602,1547.819,1714.819,2053.021,2163.811,2226.611,2289.743,2319.852,2352.79,2554.212
Puerto Rico,Total renewable energy,99.8,99.8,100,100,99.8,138,142,164,156,159.8,158.84,169.37,247.81,299.705,304.497,434.75,471.803,502.663,507.657,540.486,590.896,720.823
St Barth,Total renewable energy,0,0,0,0,0,0,0,0,0,0,0,0,0,0,0,0,0.024,0.024,0.024,0.024,0.024,0.024
St. Kitts and Nevis,Total renewable energy,0,0,0,0,0,0,0,0,0,0,2.2,2.22,2.22,2.56,3.641,3.641,4.141,4.141,4.141,4.141,4.141,4.141
St. Lucia,Total renewable energy,0,0,0,0,0,0,0,0,0,0.01,0.02,0.02,0.05,0.06,0.1,0.76,1.011,1.011,4.011,4.011,4.011,4.011
St Maarten,Total renewable energy,..,..,..,..,..,..,..,..,..,..,..,..,..,..,..,..,..,..,..,..,..,..
St Martin,Total renewable energy,0,0,0,0,0,0,0,0,0,0,0,0,0,1.4,1.6,2.6,1.8,0.1,0.1,0.5,0.5,0.5
St Vincent Gren,Total renewable energy,5.64,5.64,5.64,5.64,5.64,5.64,5.64,5.64,5.64,5.64,5.64,5.65,5.695,6.071,6.071,6.39,6.84,6.91,6.91,7.51,7.51,7.51
Trinidad and Tobago,Total renewable energy,5.341,5.667,5.879,6.222,6.656,6.762,6.985,7.11,2.27,2.53,2.831,2.831,2.831,2.831,3.142,3.578,3.578,3.578,3.578,3.578,3.578,3.578
Turks and Caicos Islands,Total renewable energy,0,0,0,0,0,0,0,0,0,0,0,0,0,0,0,0.03,0.03,0.19,0.44,0.94,0.94,0.94
US Virgin Is,Total renewable energy,0,0,0,0,0,0,0,0,0,0,0,0.476,0.61,0.961,5.051,9.254,9.293,5.093,10.093,10.093,10.093,10.093
Eurasia,Total renewable energy,60511.87,61405.67,62279.97,63075.77,63377.84,63974.31,64612.01,65908.58,66899.65,68311.65,70258.42,72054.233,76997.653,81329.959,84813.21,88617.04,91667.975,96620.451,100649.97,104442.356,110176.906,115740.956
Armenia,Total renewable energy,1024.2,1012.5,1165.5,1169.8,1023.7,1029.34,1058.54,1068.94,1083.34,1097.84,1127.14,1152.24,1253.14,1291.64,1300.74,1289.3,1315.525,1332.125,1356.645,1389.325,1434.325,1522.075
Azerbaijan,Total renewable energy,922,933,934,970,970,970,1025,1025.1,1025.1,989.1,997.3,1001,1026,1124.7,1120.1,1153.85,1183.65,1193.55,1276.75,1291.25,1298.85,1307.95
Georgia,Total renewable energy,2560.74,2560.74,2560.74,2560.74,2560.74,2560.74,2584.74,2704.01,2713.26,2718.16,2702.42,2703.42,2709.87,2733.81,2871.67,2876.97,2935.88,3178.14,3172.262,3460.656,3344.656,3460.656
Russia,Total renewable energy,44716.83,45113.13,45260.13,45680.23,46061.9,46389.23,46710.23,47455.53,47749.25,47977.85,48062.86,48111.873,49822.943,50629.109,51580.7,51780.92,51786.92,52170.186,52613.92,53912.583,54900.033,56216.933
Turkey,Total renewable energy,11288.1,11786.3,12359.6,12695,12761.5,13025,13233.5,13655,14328.7,15528.7,17368.7,19085.7,22185.7,25550.7,27940,31516,34446,38746.45,42230.393,44388.542,49199.042,53233.342
Europe,Total renewable energy,190703.411,196370.898,203554.768,211194.988,221040.828,233724.193,244590.163,256828.696,272945.452,295382.627,321941.403,360758.13,395036.107,418841.114,439808.022,464890.661,488494.525,512780.56,537415.813,574735.439,608346.245,647398.411
Albania,Total renewable energy,1453,1453.1,1453.2,1453.2,1453.2,1453.2,1453.2,1455.2,1457.2,1459.3,1475.4,1508.564,1628.679,1781.758,1725.874,1799.05,1914,2049.425,2107.425,2177.425,2307.275,2312.375
Andorra,Total renewable energy,30,30,30,30,30,30,35,35,51,51,51,51,51,51,51.186,51.226,51.244,51.489,52.09,52.989,53.927,54.827
Austria,Total renewable energy,12478,12513,12416,12879,13182,14242.581,14643.451,15085.421,15569.902,15860.117,16176.713,16707.796,16655.993,17192.147,17839.29,18472.733,19336.038,19596.306,20375.599,20773.542,21125.625,22013.625
Belarus,Total renewable energy,10.444,11.028,12.343,12.343,12.593,12.903,16.453,20.153,28.789,29.229,29.749,35.129,55.404,74.304,81.004,96.704,222.164,300.064,389.764,414.664,492.3,601.3
Belgium,Total renewable energy,232.5,277.5,300,407.5,458,788.5,879,988.5,1192.5,2011,3052.1,4197.6,5122.1,5765.1,5993.25,6362.8,6731.25,7427.5,8262.6,9510.55,11283.25,12401.79
Bosnia and Herzegovina,Total renewable energy,1508,1508,1508,1508.1,1538.2,1538.3,1538.3,1538.3,1568.9,1568.9,1698.561,1700.563,1701.557,1703.41,1718.534,1725.413,1775.66,1808.3,1885.99,1931.48,2002.02,1977.13
Bulgaria,Total renewable energy,1068,893,1136,1658,1992,1999,2017,2048.03,2240.1,2481,2707,2950,4021,4076,4120,4137,4143,4293.513,4316.027,4322.289,4360.667,4451.667
Croatia,Total renewable energy,2070,2070,2057,2067,2080,2076,2087,2085,2087.5,2157.8,2217.8,2273.8,2331.5,2474.5,2576.6,2713.4,2793.4,2915.7,2978.9,3068.2,3254.6,3453.6
Cyprus,Total renewable energy,0,0,0,0,1.225,1.225,1.225,2.225,9.225,12.225,97.225,153.225,173.225,192.225,221.225,243.725,251.725,277.521,288.922,321.704,399.577,486.443
Czech Republic,Total renewable energy,1048.585,1094.585,1101.085,1109.4,1161.4,1182.086,1237.841,1369.261,1504,2046.1,3399.5,3680.5,3997.5,4095,4169.9,4214.4,4212.4,4271.905,4265.291,4349.048,4401.561,4415.461
Denmark,Total renewable energy,2643.015,2809.653,3310.531,3644.416,3829.712,3943.836,3813.196,3644.714,3953.37,4434.802,4915.978,5123.595,5949.122,6583.604,6749.769,7109.403,7409.933,8193.719,8894.452,8981.47,9356.505,10339.615
Estonia,Total renewable energy,7,7,10,18,22,48,48,67,94,171.1,256.1,334.2,441.38,518.5,561.34,593.5,607,615.1,608.55,715.5,828.67,988.7
Faeroe Islands,Total renewable energy,31.75,31.75,31.75,33.73,33.73,35.71,35.71,35.71,35.71,35.71,35.71,35.71,47.91,47.91,59.61,59.91,59.61,59.61,56.05,52.711,59.431,59.431
Finland,Total renewable energy,4462,4619,4660,4784,4861,4926,4959,5067,5007,4931,5011,5166,5213,5516,5747,6142,6746,7512,7563,7890,8774,9629
France,Total renewable energy,23987,24069,24313.5,24426.5,24508.5,24881,25650.5,26542,27800.5,29292.5,31716.5,34791.533,37094.501,38691.942,40562.732,42798.965,44845.391,47820.325,50538.823,53462.547,55573.895,59545.895
Germany,Total renewable energy,11806.5,14827.5,18361.5,21658,24875.7,28475.2,32218.7,35427,38448,47233.5,56545,67421,78149.5,83766,90325,97851,104435.5,112514,118904.5,125068,131731,138151
Gibraltar,Total renewable energy,..,..,..,..,..,..,..,..,..,..,..,..,..,..,..,..,..,..,..,..,..,..
Greece,Total renewable energy,3299,3369,3388,3473,3594,3622,3912,4044,4250,4458,4756,5521,6570,7672,8010,8138,8424,8685.61,9020.095,9922.667,10921.378,11519.658
Holy See,Total renewable energy,..,..,..,..,..,..,..,..,..,..,..,..,..,..,..,..,..,..,..,..,..,..
Hungary,Total renewable energy,66,67,107.5,113.5,257.5,421,432.5,456.4,582,766,862,890,724,749,1024,1076.5,1048,1224,1629.5,2287.5,3022,3022.262
Iceland,Total renewable energy,1236,1311,1357,1357,1366,1396,1586.5,2244.5,2455.5,2451.5,2458,2549,2542.64,2651.92,2653.139,2657.539,2658.527,2711.468,2861.955,2869.418,2879.378,2879.378
Ireland,Total renewable energy,367.5,375.9,389.8,465.3,593.4,747.3,937.5,1003.152,1210.403,1520.889,1664.175,1867.236,1999.085,2227.212,2591.563,2760.186,3116.775,3675.781,4045.689,4529.078,4744.011,4813.031
Italy,Total renewable energy,17903.5,18293,18729,19173,19464.5,20250.5,20633.5,21599.5,23154.5,25772.205,29507.435,40823.768,46720.72,48857.22,49526.22,50417.27,51195.27,52128.454,53160.575,54373.049,55492.526,56986.526
Kosovo,Total renewable energy,32,32,32,32,32,32,40,40,40,40,43,44,44,44,44,44.102,81.22,120.722,120.722,138.86,137.11,242.11
Latvia,Total renewable energy,1515,1526,1557,1570,1571,1572,1572,1572,1574,1575,1622,1642,1701.2,1760.709,1777.916,1782.059,1777.792,1796.137,1779.204,1825.527,1825.613,1856.613
Liechtenstein,Total renewable energy,..,..,..,..,..,..,..,..,..,..,..,..,..,..,..,..,..,..,..,..,..,..
Lithuania,Total renewable energy,103,105,107,113,116,123,163,184,193.1,238.1,278.1,351.3,451,532,550,698,775,799.669,853,896,1038,1266
Luxembourg,Total renewable energy,53,53.845,56.196,76.256,100.928,100.983,102.396,102.634,113.185,116.377,126.384,138.998,186.952,210.975,225.397,238.775,300.721,318.055,323.964,385.976,429.897,455.897
Malta,Total renewable energy,0,0,0,0,0,0.1,0.1,0.1,0.2,0.9,0.8,8.3,18.8,31.6,57.7,77.87,98.26,116.423,136.55,159.821,192.552,200.549
Moldova,Total renewable energy,64,60,60,60,59,59,56,56,64,64,64,64,64.4,67,69,69,71.108,81.505,105.754,109.754,112.154,129.974
Monaco,Total renewable energy,..,..,..,..,..,..,..,..,..,..,..,..,..,..,..,..,..,..,..,..,..,..
Montenegro,Total renewable energy,0,0,0,0,0,629,629.023,629.177,629.352,629.447,629.584,629.808,629.938,630.953,654.837,664.642,671.275,750.201,752.066,799.582,820.734,821.214
Netherlands,Total renewable energy,787.461,838.041,1034.134,1288.887,1457.942,1634.18,1994.495,2321.972,2836.583,2959.801,3031.598,3192.738,3472.784,4169.166,4660.87,5737.55,7199.555,7923.55,9867.05,12580.152,18477.125,22953.655
North Macedonia,Total renewable energy,443,443,443,444,544,544,545,546,552,553,555.01,558,599,624,682,716,719.831,731.404,739.961,751.141,825.365,963.365
Norway,Total renewable energy,28193,27746,28124.5,28213,28297,28913,29109,29419.5,29925.8,30082.2,30250.1,30631.5,31365,32001.7,32251.7,32393.7,32813.9,33251.1,34395.605,35911.526,38002.5,39768.5
Poland,Total renewable energy,837,914,902,943,964,1091,1154,1301,1547,1751.4,2178.4,3018.51,4093.7,5115.793,5637.55,6918.677,7880.647,7981.5,8300.628,9360.437,12275.168,15423.959
Portugal,Total renewable energy,4885,4947,5057.5,5127.5,5665.5,6416.5,7087.5,7652.5,8343.5,8957.5,9606.5,10548.215,10954.852,11143.249,11573.056,12153.338,13208.427,13540.959,13753.195,14117.766,14207.575,15060.575
Romania,Total renewable energy,6371,6273,6245,6250,6280,6292,6285,6350,6383.1,6389.1,6791.1,7410,8354,10098,11152.05,11212.05,11162.05,11144.946,11168.729,11168.912,11121.369,11138.369
San Marino,Total renewable energy,..,..,..,..,..,..,..,..,..,..,..,..,..,..,..,..,..,..,..,..,..,..
Serbia,Total renewable energy,2272.723,2272.879,2272.879,2272.879,2272.879,2273.552,2273.805,2273.805,2275.205,2277.885,2296.51,2327.665,2363.098,2331.222,2421.928,2439.232,2460.241,2480.388,2693.766,2909.584,2927.716,2964.046
Slovak Republic,Total renewable energy,1685,1592,1632,1640,1654,1650,1715,1744,1791,1741,1802.5,2300.5,2334.5,2358.5,2379.5,2383.5,2396.5,2385,2330,2431,2376,2376
Slovenia,Total renewable energy,861,925,967.001,990.001,992.003,997.047,1029.194,1040.586,1085,1124,1133,1184,1277,1367,1404,1419,1409,1478.529,1473.925,1512.293,1611.689,1605.689
Spain,Total renewable energy,17949.933,19238.887,20915.619,22034.576,24621.016,26321.39,28354.474,31887.356,36624.828,39709.34,42230.289,43940.542,46435.697,46818.886,46850.442,47707.635,47797.715,47948.486,48283.142,54632.633,57462.693,61517.483
Sweden,Total renewable energy,18263,18703,18322,18294,19131,20069.5,20906.5,20750,20973.5,22042,22707.15,23468.65,24292.65,24645.237,25527.687,26869.187,27804.687,28179.187,29179.687,31155.5,31950.5,34524.9
Switzerland,Total renewable energy,13113,13165,13179,13201.5,13218.5,13268,13280.5,13398,13420,13504.5,13645,13789.5,14065,14409,14638,15040,16258.5,17048.5,17469.5,17826,18337.41,18812.8
United Kingdom,Total renewable energy,2893,3200.5,3260,3649.5,4008.5,4921.5,5411.5,6010.5,7054.5,8236.5,9626.732,12783.285,15901.92,20026.772,24894.953,30800.32,35432.509,40042.509,44028.49,46799.686,47387.479,50292.999
Ukraine,Total renewable energy,4674.5,4705.73,4715.73,4723.9,4740.9,4746.1,4746.1,4791.5,4819.5,4646.7,4690.7,4945.4,5240.8,5768.6,6048.2,6105.3,6198.7,6530,7455.078,12189.458,13764,14921
EU 27,Total renewable energy,135055.644,140707.561,147388.016,154524.656,163772.579,174225.718,184208.823,194718.414,208962.94,230197.565,254951.608,289755.074,319452.513,337357.843,352552.736,371009.698,387890.473,405556.506,423139.837,450729.122,479196.475,511581.098
Middle East,Total renewable energy,4518.08,4518.085,4886.085,6422.085,8451.615,9548.115,10452.557,11346.216,11240.041,11350.929,12132.602,12556.572,13661.13,14452.269,15915.925,15851.073,16722.691,17092.984,18536.857,21557.202,23004.793,24048.934
Bahrain,Total renewable energy,0,0,0,0,0,0,0,0,0.675,0.675,0.684,0.689,1.189,1.189,5.689,5.689,6.689,6.689,7.029,10.029,10.436,12.002
Iran,Total renewable energy,2010,2010.005,3040.005,4436.005,5036.935,6080.435,6619.077,7485.108,7735.11,7808.033,8588.049,8850.318,9858.238,10380.277,10953.718,10411.378,10782.708,11367.038,11637.938,11803.458,11901.108,11929.318
Iraq,Total renewable energy,670,670,360,460,1570,1622,1985,2033,2273,2274.34,2274.34,2274.34,2274.34,2303.84,2310.84,2310.84,2310.84,1593.84,1594.416,1594.416,1594.416,1594.416
Israel,Total renewable energy,6.61,6.61,12.61,12.61,12.61,13.61,13.91,16.538,23.738,50.236,98.794,218.594,300.894,409.694,622.836,812.686,941.836,1050.536,1353.436,2117.636,2531.278,2614.278
Jordan,Total renewable energy,14.415,14.415,14.415,14.415,14.415,14.415,16.915,16.915,16.915,16.915,16.915,16.943,16.973,17.041,17.136,153.157,514.193,624.188,1009.223,1587.87,1995.585,2171.285
Kuwait,Total renewable energy,0,0,0,0,0,0,0,0,0,0,0,0.007,0.007,2.514,4.449,5.581,32.909,44.409,55.469,105.744,105.744,105.744
Lebanon,Total renewable energy,282,282,282,282,282,282,282,282,282.002,282.002,282.332,282.472,284.794,286.351,289.15,295.787,316.117,328.917,352.38,372.65,372.65,372.66
Oman,Total renewable energy,0,0,0,0,0,0,0,0,0,0,0,0,0,0.7,0.7,2.203,2.214,8.211,8.291,58.736,161.586,187.586
Palestine,Total renewable energy,0,0,0,0,0,0,0,0,0,0,0,0.35,0.6,0.6,3,12,25,35.34,40.34,82.173,117.173,117.173
Qatar,Total renewable energy,0,0,0,0,0,0,0,0,0,0,0,38.667,38.667,40.287,41.967,41.967,43.1,43.1,43.1,43.1,43.1,43.1
Saudi Arabia,Total renewable energy,0.35,0.35,0.35,0.35,0.35,0.35,0.35,0.35,0.35,0.35,2.35,2.85,13.55,22.45,24.264,24.264,24.264,37.138,87.138,112.638,112.638,442.638
Syria,Total renewable energy,1534.705,1534.705,1176.705,1216.705,1535.305,1535.305,1535.305,1512.305,907.305,907.305,857.305,857.305,857.305,857.305,1501.305,1579.305,1501.305,1497.432,1498.682,1499.772,1499.772,1499.772
United Arab Emirates,Total renewable energy,0,0,0,0,0,0,0,0,0,10.076,10.826,12.751,13.206,127.652,135.871,136.216,141.516,356.146,599.415,1918.98,2306.507,2706.157
Yemen,Total renewable energy,0,0,0,0,0,0,0,0,0.946,0.997,1.007,1.286,1.367,2.369,5,60,80,100,250,250,252.8,252.805
N America,Total renewable energy,172887.05,173351.2,176771.2,179629.7,180928.9,184694.9,189997.95,198077.55,207830.15,220548.75,232467.7,243468.306,263278.844,272621.99,286379.528,308002.443,331723.276,348336.04,367056.253,388932.846,419977.532,457856.738
Bermuda,Total renewable energy,..,..,..,..,..,..,..,..,..,..,..,..,..,..,..,..,..,..,..,..,..,..
Canada,Total renewable energy,68687,68707,70983,72617.5,73162.5,74370.5,75987.5,77029.5,78406.5,79781,81063.5,83258.5,84362.5,86408.5,89353.5,95456.5,97327.5,98500.5,99806.5,100391.5,100631.56,102931.859
Greenland,Total renewable energy,30,30,30,30,31.2,31.2,31.2,38.8,53.8,53.8,68.8,68.8,91.3,91.3,91.3,91.3,91.3,91.3,91.489,91.489,91.489,91.489
Mexico,Total renewable energy,10868,10993,10996,11128,12049,12075,12360,13141,12920,13207.1,13515.8,13484.406,14781.444,15201.7,16625.818,17408.818,19071.636,19920.4,22132.464,25125.857,26305.783,29442.677
St.-Pierre-et-Miquelon,Total renewable energy,0,0,0,0,0,0,0,0,0.6,0.6,0.6,0.6,0.6,0.6,0,0,0,0,0,0,0,0
United States,Total renewable energy,93302.05,93621.2,94762.2,95854.2,95686.2,98218.2,101619.25,107868.25,116449.25,127506.25,137819,146656,164043,170919.89,180308.91,195045.825,215232.84,229823.84,245025.8,263324,292948.7,325390.713
Oceania,Total renewable energy,13460.764,13730.031,13825.477,14003.861,14457.647,15594.242,15769.101,16443.462,16760.405,17454.059,18528.701,20363.602,22199.349,23714.616,25236.299,26386.002,27344.111,28568.026,30778.339,36037.321,42909.782,45135.77
Australia,Total renewable energy,7261.2,7461.2,7503.2,7636.5,7976.5,9010.6,9166.5,9624.1,9773.1,10319.1,11242.1,12888.1,14649.1,16068.1,17370.1,18415.1,19339.1,20492.1,22645,27826.31,34536.31,36617.17
Christmas Island,Total renewable energy,..,..,..,..,..,..,..,..,..,..,..,..,..,..,..,..,..,..,..,..,..,..
Cocos Is,Total renewable energy,..,..,..,..,..,..,..,..,..,..,..,..,..,..,..,..,..,..,..,..,..,..
Cook Is,Total renewable energy,0.057,0.057,0.057,0.097,0.097,0.097,0.097,0.097,0.097,0.097,0.097,0.097,0.097,0.751,1.711,2.937,3.051,3.051,4.773,4.773,4.773,4.773
Fiji,Total renewable energy,108.553,108.593,108.623,108.663,115.135,115.204,127.332,137.507,146.541,146.564,146.648,146.684,191.332,190.894,191.42,192.851,194.851,209.357,211.694,211.747,211.898,219.631
French Polynesia,Total renewable energy,48.078,48.228,48.358,48.552,48.794,49.076,49.32,49.493,49.923,50.151,50.558,58.658,61.158,64.558,72.258,75.558,79.258,83.078,85.278,88.878,88.878,88.878
Guam,Total renewable energy,0,0,0,0,0,0,0,0,0,0.045,0.09,0.135,0.315,0.81,1.44,31.95,34.925,34.925,35.055,35.055,35.055,35.055
Kiribati,Total renewable energy,0.062,0.062,0.062,0.062,0.203,0.239,0.249,0.262,0.271,0.266,0.392,0.426,0.466,0.502,0.753,2.309,2.862,2.862,2.862,2.862,2.862,2.862
Marshall Islands,Total renewable energy,0.04,0.04,0.04,0.04,0.07,0.07,0.07,0.07,0.15,0.27,0.32,0.32,0.48,0.66,1.009,1.009,1.609,1.609,1.626,1.626,1.626,1.626
"Micronesia, Fed. Sts.",Total renewable energy,2.16,2.16,2.16,0.1,0.1,0.1,0.1,0.18,0.235,0.528,0.528,0.528,0.528,0.684,1.409,1.409,2.009,2.009,3.441,3.441,3.441,3.441
Nauru,Total renewable energy,0,0,0,0,0,0,0.04,0.04,0.04,0.04,0.04,0.04,0.07,0.21,0.21,0.21,0.71,0.711,0.823,2.106,2.106,2.106
New Caledonia,Total renewable energy,79.95,82.71,84.94,89.57,101.42,101.486,106.996,111.316,111.316,116.376,118.476,119.283,119.283,119.283,119.531,122.86,124.916,142.297,144.692,177.88,199.149,199.244
New Zealand,Total renewable energy,5732,5798,5849,5885,5980,6052,6055,6229,6376,6509,6650,6826.004,6841.04,6930,7133,7173,7186,7207,7251,7285.002,7425.156,7562.456
Niue,Total renewable energy,0,0,0,0,0,0,0,0,0,0.055,0.055,0.055,0.055,0.055,0.341,0.341,0.341,0.341,0.341,0.941,0.941,0.941
Norfolk Is,Total renewable energy,..,..,..,..,..,..,..,..,..,..,..,..,..,..,..,..,..,..,..,..,..,..
Nth Mariana Is,Total renewable energy,..,..,..,..,..,..,..,..,..,..,..,..,..,..,..,..,..,..,..,..,..,..
Palau,Total renewable energy,0.004,0.004,0.004,0.004,0.004,0.032,0.032,0.032,0.282,0.282,0.292,0.577,0.667,0.745,0.91,0.91,1.28,1.28,1.68,1.745,1.745,1.745
Papua New Guinea,Total renewable energy,212.655,212.972,212.972,219.212,219.234,249.234,249.234,277.234,285.234,293.234,301.234,301.234,312.54,314.446,314.446,332.985,333.336,333.302,333.365,335.103,335.103,335.103
Pitcairn,Total renewable energy,..,..,..,..,..,..,..,..,..,..,..,..,..,..,..,..,..,..,..,..,..,..
Samoa,Total renewable energy,15.01,15.01,15.01,15.01,15.01,15.024,12.524,12.524,12.524,12.524,12.524,12.524,8.884,9.034,12.514,14.204,16.654,26.549,26.709,28.317,29.067,29.067
Solomon Islands,Total renewable energy,0.311,0.311,0.34,0.34,0.369,0.369,0.869,0.869,0.869,0.872,0.692,1.492,1.492,1.492,2.074,2.074,3.255,3.63,3.63,3.63,3.63,3.63
Tokelau,Total renewable energy,0.021,0.021,0.021,0.021,0.021,0.021,0.021,0.021,0.021,0.021,0.021,0.021,0.951,0.951,0.951,0.951,1.041,1.041,1.041,1.056,1.056,1.056
Tonga,Total renewable energy,0.057,0.057,0.084,0.084,0.084,0.084,0.111,0.111,0.111,0.12,0.12,0.12,1.131,1.665,1.665,2.88,3.467,6.457,6.477,7.777,7.777,7.777
Tuvalu,Total renewable energy,0.006,0.006,0.006,0.006,0.006,0.006,0.006,0.006,0.026,0.209,0.209,0.212,0.212,0.212,0.278,2.064,2.222,2.227,2.238,2.238,2.312,2.312
Vanuatu,Total renewable energy,0.6,0.6,0.6,0.6,0.6,0.6,0.6,0.6,3.665,4.305,4.305,7.092,7.132,7.148,7.863,7.984,9.304,9.93,11.454,11.674,11.737,11.737
Wallis Fut Is,Total renewable energy,..,..,..,..,..,..,..,..,..,..,..,..,..,..,..,..,..,..,..,..,..,..
S America,Total renewable energy,112705.517,114658.012,116684.577,119853.888,124139.145,127156.714,130644.178,135170.145,137863.144,140952.078,146840.194,152043.536,156046.952,161152.667,170280.228,178690.379,193299.083,202432.926,213012.329,223236.555,231431.671,244975.094
Argentina,Total renewable energy,8694.504,8725.99,8906.146,8943.598,9089.755,9127.019,9137.131,9389.116,9410.471,9789.874,9813.387,10377.185,10528.232,10590.015,10605.6,10655.43,10669.534,10756.66,11510.214,12689.962,14071.711,15027.432
Bolivia,Total renewable energy,380.882,396.621,481.138,464.348,513.52,520.97,543.517,580.008,576.339,584.122,584.458,589.907,590.621,592.015,627.955,637.595,668.535,795.835,922.63,1056.68,1067.71,1233.27
Brazil,Total renewable energy,63742.146,65094.483,67165.085,70418.072,72235.918,74428.918,77616.718,81219.718,82997.764,84929.814,89557.854,92917.447,96117.058,99834.998,106445.232,112640.858,121374.455,128417.475,136579.178,144552.003,150045.904,159942.879
Chile,Total renewable energy,4452,4451,4479,4490,5246,5262,5268,5420,5534.765,6105.765,6158.765,6697.765,7055.765,7677.765,8328.765,8451.765,9298.765,10288.615,10856.051,11498.071,12618.892,14890.221
Colombia,Total renewable energy,8355.27,8763.219,9123.039,8942.659,9026.882,9039.211,9060.974,9104.734,9110.27,9130.844,9237.363,9918.097,9978.569,10074.55,11134.275,11757.308,11888.365,12070.935,12193.932,12290.565,12386.839,12553.348
Ecuador,Total renewable energy,1714.62,1737.82,1745.81,1745.93,1780.83,1828.35,1874.54,2133.3,2165.55,2168.47,2346.13,2338.15,2367.67,2387.99,2439.94,2598.59,4639.7,4714.26,5265.859,5276.74,5298.089,5300.168
Falkland Is (Malvinas),Total renewable energy,0.26,0.26,0.26,0.26,0.26,0.26,0.26,1.25,1.33,1.33,2.32,2.32,2.32,2.32,2.32,2.39,2.39,2.39,2.39,2.39,2.39,2.39
French Guiana,Total renewable energy,114.75,114.75,114.75,114.75,114.75,114.811,114.811,114.811,115.224,117.18,139.807,157.015,157.475,157.731,157.835,167.631,167.631,167.685,167.794,170.929,179.167,179.167
Guyana,Total renewable energy,21.951,22.107,22.262,22.423,22.079,22.235,22.398,22.554,22.751,52.927,53.167,54.08,54.287,54.52,54.73,55.236,46.135,47.632,51.109,53.17,53.17,53.17
Paraguay,Total renewable energy,7390,7410.255,7390.255,7410.255,7410.255,7410.418,7410.418,7410.418,8110.418,8130.419,8810.419,8810.423,8810.423,8849.475,8849.475,8849.475,8849.475,8849.475,8849.475,8832.225,8832.225,8832.225
South Georgia,Total renewable energy,0.006,0.006,0.006,0.006,0.006,0.006,0.006,0.256,0.256,0.256,0.256,0.256,0.256,0.256,0.256,0.256,0.256,0.256,0.256,0.256,0.256,0.256
Peru,Total renewable energy,2893.478,3003.851,3035.176,3079.937,3104.24,3256.056,3265.945,3271.52,3291.022,3363.057,3516.011,3549.556,3713.042,3783.923,4055.015,4647.236,5724.578,5820.042,6100.033,6288.832,6345.352,6430.602
Suriname,Total renewable energy,180,180,180,180,180,180,180,180,180,180,180.154,180.281,180.661,180.943,186.195,187.895,188.36,189.362,190.456,190.456,191.112,191.112
Uruguay,Total renewable energy,1549.65,1549.65,1549.65,1549.65,1549.65,1550.65,1550.65,1723.65,1748.174,1774.21,1814.493,1825.244,1834.463,2011.776,2437.145,2825.124,3184.314,3715.714,3726.872,3736.466,3741.044,3741.044
Venezuela,Total renewable energy,13216,13208,12492,12492,13865,14415.81,14598.81,14598.81,14598.81,14623.81,14625.61,14625.81,14656.11,14954.39,14955.49,15213.59,16596.59,16596.59,16596.08,16597.81,16597.81,16597.81
